Data,Path.Poison,Rate,Train.Clean,Test.Clean,Train.Poison,Test.Poison,key,file,c1,c2,cls_coef,density,f1.mean,f1.sd,f1v.mean,f1v.sd,f2.mean,f2.sd,f3.mean,f3.sd,f4.mean,f4.sd,hubs.mean,hubs.sd,l1.mean,l1.sd,l2.mean,l2.sd,l3.mean,l3.sd,lsc,n1,n2.mean,n2.sd,n3.mean,n3.sd,n4.mean,n4.sd,t1,t2,t3,t4
f16_i11_r05_c01_w4_n2200_1,poisoned_data/random_flip_svm/f16_i11_r05_c01_w4_n2200_1_randomlabelflip_svm_0.00.csv,0.0,0.9960227272727272,0.9704545454545456,0.9960227272727272,0.9704545454545456,f16_i11_r05_c01_w4_n2200_1_randomlabelflip_svm_0.00.csv,f16_i11_r05_c01_w4_n2200_1_randomlabelflip_svm_0.00.csv,0.9783704943988363,0.05794077521868235,0.48768470096922656,0.8575985839061451,0.9505984451787264,0.07858183532920088,0.22139390002736548,,0.017767863600760873,,0.9011363636363636,,0.7380681818181818,,0.7359519994376605,0.25303786578470244,0.10980123858004553,,0.16761363636363635,,0.125,,0.98428170196281,0.10568181818181818,0.39982658419056105,0.06261710473935167,0.05454545454545454,0.22715537825250176,0.23068181818181818,0.42138890374190685,0.48579545454545453,0.00909090909090909,0.005113636363636364,0.5625
f16_i11_r05_c01_w4_n2200_1,poisoned_data/random_flip_svm/f16_i11_r05_c01_w4_n2200_1_randomlabelflip_svm_0.05.csv,0.05,0.9960227272727272,0.9704545454545456,0.975,0.968181818181818,f16_i11_r05_c01_w4_n2200_1_randomlabelflip_svm_0.05.csv,f16_i11_r05_c01_w4_n2200_1_randomlabelflip_svm_0.05.csv,0.9766196536110132,0.0624596554260638,0.49643877958246774,0.8644051372163937,0.9610270048628263,0.06167603585957212,0.30023140186852143,,0.04355390979037032,,0.9806818181818182,,0.8931818181818182,,0.7426054658060611,0.24795512918277587,0.13586085197251263,,0.19886363636363635,,0.15454545454545454,,0.9942607179752067,0.21988636363636363,0.4363404870490596,0.06470714405694532,0.13636363636363635,0.34327182677390733,0.2806818181818182,0.44946002712735456,0.6909090909090909,0.00909090909090909,0.005113636363636364,0.5625
f16_i11_r05_c01_w4_n2200_1,poisoned_data/random_flip_svm/f16_i11_r05_c01_w4_n2200_1_randomlabelflip_svm_0.10.csv,0.1,0.9960227272727272,0.9704545454545456,0.9511363636363636,0.9431818181818182,f16_i11_r05_c01_w4_n2200_1_randomlabelflip_svm_0.10.csv,f16_i11_r05_c01_w4_n2200_1_randomlabelflip_svm_0.10.csv,0.9794993054591905,0.055014165444353,0.5064112348958767,0.8713673833273037,0.9703377932146438,0.04744166796057077,0.38058111968238756,,0.07768145911798252,,0.9903409090909091,,0.9363636363636364,,0.7561074960476537,0.23635760464805777,0.1523815777788714,,0.23295454545454541,,0.19147727272727277,,0.9963710614669421,0.33125,0.45451061880246924,0.0662887945605072,0.21363636363636362,0.40998948063484075,0.3255681818181818,0.46871992642171345,0.8051136363636363,0.00909090909090909,0.005113636363636364,0.5625
f16_i11_r05_c01_w4_n2200_1,poisoned_data/random_flip_svm/f16_i11_r05_c01_w4_n2200_1_randomlabelflip_svm_0.15.csv,0.15,0.9960227272727272,0.9704545454545456,0.928409090909091,0.9295454545454546,f16_i11_r05_c01_w4_n2200_1_randomlabelflip_svm_0.15.csv,f16_i11_r05_c01_w4_n2200_1_randomlabelflip_svm_0.15.csv,0.9878602390545291,0.03301007371132192,0.5125684011360072,0.8760472117422089,0.9729491928666747,0.04204056521915211,0.44203859880983604,,0.13018894785994287,,0.9875,,0.9448863636363637,,0.7665714057958863,0.23861622012701145,0.1615032795203658,,0.2681818181818182,,0.2198863636363636,,0.9973153409090909,0.39829545454545456,0.4670446257914371,0.06469393896829277,0.2772727272727273,0.44777950614483664,0.3471590909090909,0.4762021653123578,0.8778409090909091,0.00909090909090909,0.005113636363636364,0.5625
f16_i11_r05_c01_w4_n2200_1,poisoned_data/random_flip_svm/f16_i11_r05_c01_w4_n2200_1_randomlabelflip_svm_0.20.csv,0.2,0.9960227272727272,0.9704545454545456,0.9210227272727272,0.9022727272727272,f16_i11_r05_c01_w4_n2200_1_randomlabelflip_svm_0.20.csv,f16_i11_r05_c01_w4_n2200_1_randomlabelflip_svm_0.20.csv,0.98218723127597,0.0480033877627154,0.5241568023698212,0.8809615484004342,0.9836274950436432,0.025832149670741798,0.5641338917628214,,0.14425051686752074,,0.99375,,0.9539772727272727,,0.7605288091336753,0.2354792199630017,0.1769130896847313,,0.29147727272727275,,0.2920454545454545,,0.9978002324380165,0.47556818181818183,0.47656748658357145,0.06384900464704243,0.33181818181818185,0.47099991720962486,0.3778409090909091,0.4849853595807822,0.9011363636363636,0.00909090909090909,0.005113636363636364,0.5625
f16_i11_r05_c01_w4_n2200_1,poisoned_data/random_flip_svm/f16_i11_r05_c01_w4_n2200_1_randomlabelflip_svm_0.25.csv,0.25,0.9960227272727272,0.9704545454545456,0.9147727272727272,0.8704545454545455,f16_i11_r05_c01_w4_n2200_1_randomlabelflip_svm_0.25.csv,f16_i11_r05_c01_w4_n2200_1_randomlabelflip_svm_0.25.csv,0.9976700150302422,0.0064358347277641,0.5289737755032073,0.8860528967905318,0.9872762288736747,0.02186118212136458,0.6355768689717883,,0.10613316350957112,,0.9914772727272727,,0.9409090909090909,,0.792225981402407,0.22447207185918572,0.1837020186876932,,0.32386363636363635,,0.3113636363636364,,0.9982195893595042,0.5369318181818182,0.48363779961241204,0.06185741826936754,0.3784090909090909,0.4851282016751568,0.4153409090909091,0.4929207745352937,0.9369318181818181,0.00909090909090909,0.005113636363636364,0.5625
f16_i11_r05_c01_w4_n2200_1,poisoned_data/random_flip_svm/f16_i11_r05_c01_w4_n2200_1_randomlabelflip_svm_0.30.csv,0.3,0.9960227272727272,0.9704545454545456,0.9045454545454544,0.825,f16_i11_r05_c01_w4_n2200_1_randomlabelflip_svm_0.30.csv,f16_i11_r05_c01_w4_n2200_1_randomlabelflip_svm_0.30.csv,0.9996273710574611,0.0010325245224575008,0.5402003645182878,0.8899432787224146,0.9917831388935249,0.012907351155660064,0.7661231016974426,,0.1268683364410997,,0.9943181818181818,,0.9539772727272727,,0.7969079878201404,0.22456299270548102,0.18999667629840633,,0.36250000000000004,,0.31818181818181823,,0.9984914127066116,0.5767045454545454,0.48822752610575965,0.060403114910749484,0.40511363636363634,0.49105354668816315,0.42556818181818185,0.49456938954925783,0.9482954545454545,0.00909090909090909,0.005113636363636364,0.5625
f16_i11_r05_c01_w4_n2200_1,poisoned_data/random_flip_svm/f16_i11_r05_c01_w4_n2200_1_randomlabelflip_svm_0.35.csv,0.35,0.9960227272727272,0.9704545454545456,0.915340909090909,0.7431818181818182,f16_i11_r05_c01_w4_n2200_1_randomlabelflip_svm_0.35.csv,f16_i11_r05_c01_w4_n2200_1_randomlabelflip_svm_0.35.csv,0.9993702196622802,0.0017443450706770003,0.5439334164433889,0.8916132616672696,0.9947123053322628,0.008796458359264864,0.8323477746068709,,0.1748226348353508,,0.9960227272727272,,0.9630681818181818,,0.7950036612352632,0.2271146128071173,0.18357361546970086,,0.39829545454545456,,0.36818181818181817,,0.998606986053719,0.6073863636363637,0.4902696822328124,0.05894574727174706,0.42727272727272725,0.4948230623586756,0.43068181818181817,0.4953124107125745,0.9613636363636363,0.00909090909090909,0.005113636363636364,0.5625
f16_i11_r05_c01_w4_n2200_1,poisoned_data/random_flip_svm/f16_i11_r05_c01_w4_n2200_1_randomlabelflip_svm_0.40.csv,0.4,0.9960227272727272,0.9704545454545456,0.9164772727272728,0.7113636363636363,f16_i11_r05_c01_w4_n2200_1_randomlabelflip_svm_0.40.csv,f16_i11_r05_c01_w4_n2200_1_randomlabelflip_svm_0.40.csv,0.9999403836812655,0.00016527559705792338,0.5525092208336946,0.8938259083156752,0.9975066922754473,0.004289361464050386,0.8990337975012943,,0.13508624377723302,,0.99375,,0.9613636363636363,,0.8075918749985662,0.2135652235596921,0.18679406795005504,,0.4107954545454545,,0.4323863636363636,,0.9987261105371901,0.6505681818181818,0.49319745848323854,0.056279500281239625,0.46079545454545456,0.49860230247553367,0.44545454545454544,0.4971571463603503,0.9704545454545455,0.00909090909090909,0.005113636363636364,0.5625
f26_i22_r00_c15_w6_n1200_1,poisoned_data/random_flip_svm/f26_i22_r00_c15_w6_n1200_1_randomlabelflip_svm_0.00.csv,0.0,0.9416666666666668,0.7375,0.9416666666666668,0.7375,f26_i22_r00_c15_w6_n1200_1_randomlabelflip_svm_0.00.csv,f26_i22_r00_c15_w6_n1200_1_randomlabelflip_svm_0.00.csv,0.9744894033980523,0.06792452830188678,0.635803542543671,0.8817279283976365,0.9948606273400463,0.007196236396106389,0.5961680184940201,,0.019544332833626027,,0.9833333333333333,,0.8604166666666667,,0.824763695096065,0.1670864731214241,0.17135514305141075,,0.328125,,0.30833333333333335,,0.9968305121527777,0.525,0.49066264298104445,0.028083645291228074,0.3697916666666667,0.4829997920250907,0.296875,0.45711912982610103,1.0,0.027083333333333334,0.025,0.9230769230769231
f26_i22_r00_c15_w6_n1200_1,poisoned_data/random_flip_svm/f26_i22_r00_c15_w6_n1200_1_randomlabelflip_svm_0.05.csv,0.05,0.9416666666666668,0.7375,0.940625,0.7583333333333333,f26_i22_r00_c15_w6_n1200_1_randomlabelflip_svm_0.05.csv,f26_i22_r00_c15_w6_n1200_1_randomlabelflip_svm_0.05.csv,0.9827869056414019,0.04643117570248778,0.6373472048986721,0.8838242961418143,0.9959742643466084,0.004851188904747601,0.665038326481712,,0.01863531878376528,,0.9875,,0.878125,,0.8298943743672583,0.1672975479563112,0.1770943844603331,,0.3583333333333333,,0.334375,,0.9970703125,0.5510416666666667,0.49275083734036473,0.028228833109129013,0.40208333333333335,0.4905741707750523,0.28229166666666666,0.45034913849316555,1.0,0.027083333333333334,0.025,0.9230769230769231
f26_i22_r00_c15_w6_n1200_1,poisoned_data/random_flip_svm/f26_i22_r00_c15_w6_n1200_1_randomlabelflip_svm_0.10.csv,0.1,0.9416666666666668,0.7375,0.934375,0.6916666666666667,f26_i22_r00_c15_w6_n1200_1_randomlabelflip_svm_0.10.csv,f26_i22_r00_c15_w6_n1200_1_randomlabelflip_svm_0.10.csv,0.9837082626231858,0.044009779951100336,0.639665509974868,0.884456465067779,0.9964340920336524,0.004461295568316426,0.6887622479333745,,0.020091921500206063,,0.9875,,0.884375,,0.8321735493771036,0.16561727104521015,0.18017146124760364,,0.35416666666666663,,0.3114583333333333,,0.9971885850694444,0.56875,0.4928022052724509,0.02744394553575084,0.409375,0.4919748302267529,0.29583333333333334,0.45665434882372213,1.0,0.027083333333333334,0.025,0.9230769230769231
f26_i22_r00_c15_w6_n1200_1,poisoned_data/random_flip_svm/f26_i22_r00_c15_w6_n1200_1_randomlabelflip_svm_0.15.csv,0.15,0.9416666666666668,0.7375,0.9302083333333332,0.6875,f26_i22_r00_c15_w6_n1200_1_randomlabelflip_svm_0.15.csv,f26_i22_r00_c15_w6_n1200_1_randomlabelflip_svm_0.15.csv,0.9846039962086801,0.04164895877603059,0.6442055850517995,0.8853927702467849,0.9965042713817349,0.0045450605619793165,0.680943042311755,,0.017648968369329426,,0.9875,,0.86875,,0.8353238096303286,0.16284518737288167,0.18446543140010496,,0.3416666666666667,,0.34375,,0.997587890625,0.5927083333333333,0.497409306761307,0.026877812664653077,0.440625,0.49672086877914545,0.30833333333333335,0.4620457449436981,1.0,0.027083333333333334,0.025,0.9230769230769231
f26_i22_r00_c15_w6_n1200_1,poisoned_data/random_flip_svm/f26_i22_r00_c15_w6_n1200_1_randomlabelflip_svm_0.20.csv,0.2,0.9416666666666668,0.7375,0.9229166666666668,0.6291666666666667,f26_i22_r00_c15_w6_n1200_1_randomlabelflip_svm_0.20.csv,f26_i22_r00_c15_w6_n1200_1_randomlabelflip_svm_0.20.csv,0.9927744539878083,0.01980198019801993,0.6437120912489125,0.8868330726451165,0.9971558282025701,0.003494124212980985,0.7632134086017227,,0.023053197720037034,,0.9895833333333334,,0.8822916666666667,,0.8030096104567407,0.20325909573664852,0.18226166648199815,,0.3729166666666667,,0.35,,0.9977582465277778,0.6270833333333333,0.49743538396904147,0.026127073785092707,0.4635416666666667,0.49892894495091844,0.296875,0.45711912982610103,1.0,0.027083333333333334,0.025,0.9230769230769231
f26_i22_r00_c15_w6_n1200_1,poisoned_data/random_flip_svm/f26_i22_r00_c15_w6_n1200_1_randomlabelflip_svm_0.25.csv,0.25,0.9416666666666668,0.7375,0.915625,0.6166666666666667,f26_i22_r00_c15_w6_n1200_1_randomlabelflip_svm_0.25.csv,f26_i22_r00_c15_w6_n1200_1_randomlabelflip_svm_0.25.csv,0.9933649463911696,0.018200898002717958,0.6447292393235731,0.8877063781717066,0.998534309752861,0.002215786526974161,0.8571347777325479,,0.024563047150611486,,0.9864583333333333,,0.8916666666666667,,0.8397256836227373,0.16549295909538805,0.19249638548911074,,0.3979166666666667,,0.3770833333333333,,0.9977018229166666,0.625,0.49753265159202675,0.026454046355076113,0.465625,0.4990769634362444,0.33958333333333335,0.4738146764129296,1.0,0.027083333333333334,0.025,0.9230769230769231
f26_i22_r00_c15_w6_n1200_1,poisoned_data/random_flip_svm/f26_i22_r00_c15_w6_n1200_1_randomlabelflip_svm_0.30.csv,0.3,0.9416666666666668,0.7375,0.9,0.6333333333333333,f26_i22_r00_c15_w6_n1200_1_randomlabelflip_svm_0.30.csv,f26_i22_r00_c15_w6_n1200_1_randomlabelflip_svm_0.30.csv,0.9967916319816367,0.008849557522123908,0.6488928954095359,0.8886274765380605,0.9979161844241106,0.0030240312298743795,0.8115501243027469,,0.02515345912950635,,0.9875,,0.8854166666666666,,0.8487036690837525,0.16025986939913642,0.18062653658461925,,0.4125,,0.39583333333333337,,0.9978005642361111,0.6302083333333334,0.4991806032611506,0.026571368831672645,0.48125,0.4999087507976706,0.3125,0.4637540069221958,1.0,0.027083333333333334,0.025,0.9230769230769231
f26_i22_r00_c15_w6_n1200_1,poisoned_data/random_flip_svm/f26_i22_r00_c15_w6_n1200_1_randomlabelflip_svm_0.35.csv,0.35,0.9416666666666668,0.7375,0.90625,0.5708333333333333,f26_i22_r00_c15_w6_n1200_1_randomlabelflip_svm_0.35.csv,f26_i22_r00_c15_w6_n1200_1_randomlabelflip_svm_0.35.csv,0.9959386076315955,0.011187072715972635,0.6487694425399799,0.8885688216892597,0.9979631814984925,0.002895728232785549,0.8329692310258453,,0.022768201645868718,,0.9854166666666667,,0.875,,0.8489473318939897,0.15874272478083076,0.175970787132676,,0.43229166666666663,,0.40208333333333335,,0.9977170138888889,0.6385416666666667,0.4966630259112622,0.02695988167061854,0.475,0.49963490320067744,0.296875,0.45711912982610103,0.9989583333333333,0.027083333333333334,0.025,0.9230769230769231
f26_i22_r00_c15_w6_n1200_1,poisoned_data/random_flip_svm/f26_i22_r00_c15_w6_n1200_1_randomlabelflip_svm_0.40.csv,0.4,0.9416666666666668,0.7375,0.9041666666666668,0.4916666666666666,f26_i22_r00_c15_w6_n1200_1_randomlabelflip_svm_0.40.csv,f26_i22_r00_c15_w6_n1200_1_randomlabelflip_svm_0.40.csv,1.0,0.0,0.6504394448457945,0.8901546750086896,0.9990715819794252,0.0012960951291364664,0.909750781766094,,0.021528582491553705,,0.990625,,0.88125,,0.8492943408148577,0.17022193487943404,0.17500298548396076,,0.45729166666666665,,0.4302083333333333,,0.9979741753472222,0.678125,0.5013004704352872,0.02631313275644128,0.509375,0.5001726761266466,0.3104166666666667,0.46290535693821844,1.0,0.027083333333333334,0.025,0.9230769230769231
f23_i23_r00_c16_w5_n2200_1,poisoned_data/random_flip_svm/f23_i23_r00_c16_w5_n2200_1_randomlabelflip_svm_0.00.csv,0.0,1.0,0.7704545454545455,1.0,0.7704545454545455,f23_i23_r00_c16_w5_n2200_1_randomlabelflip_svm_0.00.csv,f23_i23_r00_c16_w5_n2200_1_randomlabelflip_svm_0.00.csv,0.9997904041161175,0.0005809262546393468,0.6326712889826271,0.886476691301876,0.9978488687508601,0.0030480844468432004,0.8405323289566617,,0.05348594745164417,,0.9954545454545455,,0.9488636363636364,,0.822719607659497,0.19565616623755794,0.1802458728889963,,0.39602272727272725,,0.38295454545454544,,0.9983942407024793,0.4875,0.4867761315638559,0.029888292133520167,0.33295454545454545,0.47140436852069567,0.3068181818181818,0.4613043411654017,0.9988636363636364,0.013068181818181817,0.0125,0.9565217391304348
f23_i23_r00_c16_w5_n2200_1,poisoned_data/random_flip_svm/f23_i23_r00_c16_w5_n2200_1_randomlabelflip_svm_0.05.csv,0.05,1.0,0.7704545454545455,1.0,0.7522727272727273,f23_i23_r00_c16_w5_n2200_1_randomlabelflip_svm_0.05.csv,f23_i23_r00_c16_w5_n2200_1_randomlabelflip_svm_0.05.csv,0.9995891729644673,0.0011382980508259921,0.6337521981497207,0.8867099074887591,0.9981261351775688,0.002688624446177409,0.8636976955822647,,0.07267097914350275,,0.9965909090909091,,0.9545454545454546,,0.8219508652090631,0.19537781662036227,0.1823185179384228,,0.4085227272727273,,0.3920454545454546,,0.998475271177686,0.5113636363636364,0.48881339144474767,0.030280433164279526,0.35965909090909093,0.4800368302708196,0.31363636363636366,0.4641023338422721,0.9994318181818181,0.013068181818181817,0.0125,0.9565217391304348
f23_i23_r00_c16_w5_n2200_1,poisoned_data/random_flip_svm/f23_i23_r00_c16_w5_n2200_1_randomlabelflip_svm_0.10.csv,0.1,1.0,0.7704545454545455,1.0,0.7227272727272728,f23_i23_r00_c16_w5_n2200_1_randomlabelflip_svm_0.10.csv,f23_i23_r00_c16_w5_n2200_1_randomlabelflip_svm_0.10.csv,0.9997904041161175,0.0005809262546393468,0.6347624807032481,0.8872086412734508,0.9990104338733974,0.0012705341791405251,0.9144452361356638,,0.05903619358705889,,0.9960227272727272,,0.95,,0.8312169009669916,0.18659675720145455,0.1753928429974666,,0.4125,,0.4426136363636364,,0.9986060175619834,0.5738636363636364,0.4924526368224381,0.030857386621484822,0.41363636363636364,0.4926248148721453,0.3170454545454545,0.4654575504854802,0.9977272727272727,0.013068181818181817,0.0125,0.9565217391304348
f23_i23_r00_c16_w5_n2200_1,poisoned_data/random_flip_svm/f23_i23_r00_c16_w5_n2200_1_randomlabelflip_svm_0.15.csv,0.15,1.0,0.7704545454545455,1.0,0.6818181818181818,f23_i23_r00_c16_w5_n2200_1_randomlabelflip_svm_0.15.csv,f23_i23_r00_c16_w5_n2200_1_randomlabelflip_svm_0.15.csv,0.9988586210871017,0.003158742949234461,0.6352954772971984,0.8869030699260944,0.9983447286787136,0.0022617959098938933,0.8721536547603679,,0.042315409528564794,,0.9914772727272727,,0.9409090909090909,,0.8220583265034092,0.19284928691904757,0.17846187936726754,,0.4204545454545454,,0.3880681818181818,,0.9986250645661157,0.5659090909090909,0.49329227786851015,0.030688393609058062,0.41363636363636364,0.4926248148721453,0.31363636363636366,0.4641023338422721,0.9971590909090909,0.013068181818181817,0.0125,0.9565217391304348
f23_i23_r00_c16_w5_n2200_1,poisoned_data/random_flip_svm/f23_i23_r00_c16_w5_n2200_1_randomlabelflip_svm_0.20.csv,0.2,1.0,0.7704545454545455,1.0,0.6590909090909091,f23_i23_r00_c16_w5_n2200_1_randomlabelflip_svm_0.20.csv,f23_i23_r00_c16_w5_n2200_1_randomlabelflip_svm_0.20.csv,0.9999916165544174,2.324353151883507e-05,0.6361666027809545,0.8871033386738333,0.9982659973432837,0.002172646949486916,0.8638621386297755,,0.04997479741728254,,0.9954545454545455,,0.9431818181818182,,0.8194539932661167,0.20117294862831445,0.17459428479402261,,0.41306818181818183,,0.4028409090909091,,0.9986925361570248,0.5852272727272727,0.49467353695730215,0.030068220224708356,0.4238636363636364,0.4943097054097429,0.32272727272727275,0.4676522647829563,0.9994318181818181,0.013068181818181817,0.0125,0.9565217391304348
f23_i23_r00_c16_w5_n2200_1,poisoned_data/random_flip_svm/f23_i23_r00_c16_w5_n2200_1_randomlabelflip_svm_0.25.csv,0.25,1.0,0.7704545454545455,1.0,0.6386363636363637,f23_i23_r00_c16_w5_n2200_1_randomlabelflip_svm_0.25.csv,f23_i23_r00_c16_w5_n2200_1_randomlabelflip_svm_0.25.csv,0.9999543564033273,0.00012654157988456483,0.6376199920535914,0.8874334590934932,0.9991631158467186,0.0013703917499865979,0.9351220731585336,,0.05007022349198958,,0.9948863636363636,,0.9460227272727273,,0.8302992780533923,0.1889538688276365,0.17333165967787645,,0.4414772727272728,,0.4335227272727272,,0.998763236053719,0.6142045454545455,0.4972290006026034,0.030534674912828408,0.45852272727272725,0.498418282188611,0.3210227272727273,0.46700219615877314,0.9988636363636364,0.013068181818181817,0.0125,0.9565217391304348
f23_i23_r00_c16_w5_n2200_1,poisoned_data/random_flip_svm/f23_i23_r00_c16_w5_n2200_1_randomlabelflip_svm_0.30.csv,0.3,1.0,0.7704545454545455,1.0,0.6227272727272727,f23_i23_r00_c16_w5_n2200_1_randomlabelflip_svm_0.30.csv,f23_i23_r00_c16_w5_n2200_1_randomlabelflip_svm_0.30.csv,0.9997904041161175,0.0005809262546393468,0.6388273122235968,0.8877480748359088,0.9993442018824482,0.0006412649764408652,0.943785987997948,,0.07898667375953909,,0.9948863636363636,,0.9488636363636364,,0.8338807376651679,0.1829522102316546,0.17184796463950003,,0.4426136363636364,,0.44999999999999996,,0.9988064953512397,0.6380681818181818,0.49872785222733174,0.03014428551937629,0.4772727272727273,0.49962516313058397,0.3403409090909091,0.47395844662489844,0.9994318181818181,0.013068181818181817,0.0125,0.9565217391304348
f23_i23_r00_c16_w5_n2200_1,poisoned_data/random_flip_svm/f23_i23_r00_c16_w5_n2200_1_randomlabelflip_svm_0.35.csv,0.35,1.0,0.7704545454545455,1.0,0.6318181818181818,f23_i23_r00_c16_w5_n2200_1_randomlabelflip_svm_0.35.csv,f23_i23_r00_c16_w5_n2200_1_randomlabelflip_svm_0.35.csv,0.9998872865145767,0.00031245117950318146,0.6375055886346783,0.8877700397953383,0.9991017580875343,0.0011510642404406616,0.9161899137244104,,0.06853368666430927,,0.9954545454545455,,0.9460227272727273,,0.8226989203443119,0.19672364213262636,0.17054588034266016,,0.4335227272727272,,0.41761363636363635,,0.9987713068181818,0.6255681818181819,0.4963866647135142,0.030445856528295793,0.47102272727272726,0.4993014785777198,0.325,0.46850796764578495,0.9982954545454545,0.013068181818181817,0.0125,0.9565217391304348
f23_i23_r00_c16_w5_n2200_1,poisoned_data/random_flip_svm/f23_i23_r00_c16_w5_n2200_1_randomlabelflip_svm_0.40.csv,0.4,1.0,0.7704545454545455,1.0,0.5795454545454546,f23_i23_r00_c16_w5_n2200_1_randomlabelflip_svm_0.40.csv,f23_i23_r00_c16_w5_n2200_1_randomlabelflip_svm_0.40.csv,0.9997307820223782,0.0007461058566726742,0.6398974519307186,0.8881376298516719,0.9995676055386448,0.0004044640383427993,0.963109622904829,,0.0734814161700928,,0.9960227272727272,,0.9545454545454546,,0.8459747910772243,0.1763989743009683,0.16770253718195938,,0.47784090909090904,,0.46704545454545454,,0.9988778409090909,0.6573863636363636,0.49964820418131795,0.029370136188371584,0.5051136363636364,0.5001159486211404,0.3170454545454545,0.46545755048548015,1.0,0.013068181818181817,0.0125,0.9565217391304348
f15_i10_r00_c05_w5_n1600_1,poisoned_data/random_flip_svm/f15_i10_r00_c05_w5_n1600_1_randomlabelflip_svm_0.00.csv,0.0,0.99765625,0.865625,0.99765625,0.865625,f15_i10_r00_c05_w5_n1600_1_randomlabelflip_svm_0.00.csv,f15_i10_r00_c05_w5_n1600_1_randomlabelflip_svm_0.00.csv,0.9999718221790316,7.812194836132047e-05,0.5919034639926094,0.8813257427677873,0.9812294637063009,0.027208045496017307,0.42901806062610465,,0.10983117418119714,,0.99296875,,0.9375,,0.8227870536021772,0.1976199942359453,0.16816401577843698,,0.2421875,,0.22734374999999996,,0.9966357421875,0.35859375,0.47248348702423437,0.04126974582551597,0.24375,0.42951142307145485,0.32109375,0.4670792154973802,0.97265625,0.01171875,0.0109375,0.9333333333333333
f15_i10_r00_c05_w5_n1600_1,poisoned_data/random_flip_svm/f15_i10_r00_c05_w5_n1600_1_randomlabelflip_svm_0.05.csv,0.05,0.99765625,0.865625,0.9953125,0.859375,f15_i10_r00_c05_w5_n1600_1_randomlabelflip_svm_0.05.csv,f15_i10_r00_c05_w5_n1600_1_randomlabelflip_svm_0.05.csv,1.0,0.0,0.5975745073508858,0.8835968041438624,0.9846940546758743,0.02214687661027152,0.4897277703548651,,0.13532690172533568,,0.99296875,,0.9453125,,0.8052928016354401,0.21800628984182954,0.1758267549552911,,0.27812499999999996,,0.27734375,,0.997142333984375,0.41328125,0.47930254260740296,0.042612951015471114,0.29921875,0.45809478889609817,0.3109375,0.46305819178129476,0.98046875,0.01171875,0.0109375,0.9333333333333333
f15_i10_r00_c05_w5_n1600_1,poisoned_data/random_flip_svm/f15_i10_r00_c05_w5_n1600_1_randomlabelflip_svm_0.10.csv,0.1,0.99765625,0.865625,0.996875,0.825,f15_i10_r00_c05_w5_n1600_1_randomlabelflip_svm_0.10.csv,f15_i10_r00_c05_w5_n1600_1_randomlabelflip_svm_0.10.csv,0.999936599386847,0.00017576580183387147,0.6035893348884256,0.8858299941360438,0.988211580688226,0.016948233315269855,0.5748822364181476,,0.11545278514806377,,0.990625,,0.94296875,,0.8222854662695477,0.19989725606031153,0.18440765504264744,,0.30625,,0.296875,,0.997470703125,0.46796875,0.4838281772420959,0.042052053141808085,0.33125,0.47084672452767073,0.35,0.47715602619955017,0.9890625,0.01171875,0.0109375,0.9333333333333333
f15_i10_r00_c05_w5_n1600_1,poisoned_data/random_flip_svm/f15_i10_r00_c05_w5_n1600_1_randomlabelflip_svm_0.15.csv,0.15,0.99765625,0.865625,0.99765625,0.759375,f15_i10_r00_c05_w5_n1600_1_randomlabelflip_svm_0.15.csv,f15_i10_r00_c05_w5_n1600_1_randomlabelflip_svm_0.15.csv,0.9998872865145767,0.00031245117950318146,0.6028514768254098,0.8864591477716967,0.9892818217093569,0.014197225853982687,0.5972423477547015,,0.1327076543697854,,0.99375,,0.9484375,,0.822803725209414,0.1995313335635463,0.18667463166586729,,0.30078125,,0.303125,,0.9975653076171875,0.48984375,0.4863429278381342,0.043590076687850164,0.35234375,0.4778870689038245,0.35390625,0.4783674255866431,0.9890625,0.01171875,0.0109375,0.9333333333333333
f15_i10_r00_c05_w5_n1600_1,poisoned_data/random_flip_svm/f15_i10_r00_c05_w5_n1600_1_randomlabelflip_svm_0.20.csv,0.2,0.99765625,0.865625,0.99609375,0.765625,f15_i10_r00_c05_w5_n1600_1_randomlabelflip_svm_0.20.csv,f15_i10_r00_c05_w5_n1600_1_randomlabelflip_svm_0.20.csv,0.9999718221790316,7.812194836132047e-05,0.6089816299648443,0.8876808053166536,0.9901943895330357,0.013417421352397221,0.6279642395311557,,0.16352527361477706,,0.9921875,,0.95234375,,0.8202249487245027,0.2015161384223922,0.18270047189963368,,0.32499999999999996,,0.32109374999999996,,0.997840576171875,0.54140625,0.4896214435211553,0.042411699751255034,0.4,0.4900894271445829,0.328125,0.46971411796882767,0.9921875,0.01171875,0.0109375,0.9333333333333333
f15_i10_r00_c05_w5_n1600_1,poisoned_data/random_flip_svm/f15_i10_r00_c05_w5_n1600_1_randomlabelflip_svm_0.25.csv,0.25,0.99765625,0.865625,0.996875,0.703125,f15_i10_r00_c05_w5_n1600_1_randomlabelflip_svm_0.25.csv,f15_i10_r00_c05_w5_n1600_1_randomlabelflip_svm_0.25.csv,0.99942932759125,0.001580780827665662,0.6158395422375645,0.8901778733385457,0.9948368080128832,0.007069590846350164,0.774480560881376,,0.136982781752512,,0.99140625,,0.9453125,,0.8165621111423021,0.20251923747139328,0.19827532964353,,0.3578125,,0.375,,0.9980657958984375,0.5796875,0.4919905383322905,0.04103922520768146,0.41328125,0.4926149042624325,0.3734375,0.48390585334573855,0.99296875,0.01171875,0.0109375,0.9333333333333333
f15_i10_r00_c05_w5_n1600_1,poisoned_data/random_flip_svm/f15_i10_r00_c05_w5_n1600_1_randomlabelflip_svm_0.30.csv,0.3,0.99765625,0.865625,0.99765625,0.7,f15_i10_r00_c05_w5_n1600_1_randomlabelflip_svm_0.30.csv,f15_i10_r00_c05_w5_n1600_1_randomlabelflip_svm_0.30.csv,0.9995491108252484,0.0012492192379761624,0.6177271519238985,0.8909169761532447,0.9954685554686439,0.004523966360900024,0.7940896354964485,,0.16885130635584375,,0.98984375,,0.9453125,,0.8249370136758124,0.19402079287858823,0.18306758232773424,,0.3828125,,0.3671875,,0.998167724609375,0.6046875,0.49324854794531775,0.04105949071399957,0.44140625,0.49674898425865105,0.378125,0.4851085818661182,0.98984375,0.01171875,0.0109375,0.9333333333333333
f15_i10_r00_c05_w5_n1600_1,poisoned_data/random_flip_svm/f15_i10_r00_c05_w5_n1600_1_randomlabelflip_svm_0.35.csv,0.35,0.99765625,0.865625,0.996875,0.65,f15_i10_r00_c05_w5_n1600_1_randomlabelflip_svm_0.35.csv,f15_i10_r00_c05_w5_n1600_1_randomlabelflip_svm_0.35.csv,0.9989853671667238,0.0028085504758931235,0.62016167652887,0.8915583463643472,0.9977664204056715,0.003451375314195349,0.8810442429976649,,0.15096954265985496,,0.99296875,,0.9390625,,0.8125718318629908,0.20268909019647488,0.18145866880877626,,0.42656249999999996,,0.41015625,,0.9983331298828125,0.6359375,0.49766018426936454,0.040343401700088315,0.47734375,0.49968165686718846,0.3625,0.48091000525139743,0.99609375,0.01171875,0.0109375,0.9333333333333333
f15_i10_r00_c05_w5_n1600_1,poisoned_data/random_flip_svm/f15_i10_r00_c05_w5_n1600_1_randomlabelflip_svm_0.40.csv,0.4,0.99765625,0.865625,0.99609375,0.61875,f15_i10_r00_c05_w5_n1600_1_randomlabelflip_svm_0.40.csv,f15_i10_r00_c05_w5_n1600_1_randomlabelflip_svm_0.40.csv,0.999936599386847,0.00017576580183387147,0.6227251366590139,0.8924403831118061,0.9986046700846806,0.0019433609331731918,0.9247294112328369,,0.13795012174168153,,0.9921875,,0.94296875,,0.8259530365728059,0.19400173853229782,0.16848422098000682,,0.44453125000000004,,0.44218749999999996,,0.998389892578125,0.66484375,0.499875648684284,0.04026917226673872,0.5,0.5001954270154747,0.36328125,0.4811328652773983,0.99375,0.01171875,0.0109375,0.9333333333333333
f14_i11_r03_c03_w4_n3000_1,poisoned_data/random_flip_svm/f14_i11_r03_c03_w4_n3000_1_randomlabelflip_svm_0.00.csv,0.0,0.9970833333333332,0.9716666666666668,0.9970833333333332,0.9716666666666668,f14_i11_r03_c03_w4_n3000_1_randomlabelflip_svm_0.00.csv,f14_i11_r03_c03_w4_n3000_1_randomlabelflip_svm_0.00.csv,0.9704610379873281,0.07816015865855586,0.49626977321214605,0.8623023482006391,0.9358278901620309,0.0749097269167503,0.23622370563956005,,0.04006315159737934,,0.9658333333333333,,0.86875,,0.7520793241751447,0.23814258383704698,0.11424821760699311,,0.1725,,0.12624999999999997,,0.9894793402777777,0.12375,0.40278867634806553,0.06657092059453185,0.07125,0.2572955912153526,0.25,0.4331029410725034,0.5404166666666667,0.005833333333333334,0.004166666666666667,0.7142857142857143
f14_i11_r03_c03_w4_n3000_1,poisoned_data/random_flip_svm/f14_i11_r03_c03_w4_n3000_1_randomlabelflip_svm_0.05.csv,0.05,0.9970833333333332,0.9716666666666668,0.9833333333333332,0.94,f14_i11_r03_c03_w4_n3000_1_randomlabelflip_svm_0.05.csv,f14_i11_r03_c03_w4_n3000_1_randomlabelflip_svm_0.05.csv,0.9723942285650942,0.07326413140338628,0.504999419299698,0.8689228150618313,0.9498981861264328,0.05908118821662866,0.31450380127271377,,0.0692219928735004,,0.9866666666666667,,0.9429166666666666,,0.758122372980846,0.23447140774806094,0.13764717570432905,,0.20291666666666663,,0.15500000000000003,,0.9962104166666667,0.23958333333333334,0.4388269561351001,0.06637527054201912,0.14708333333333334,0.3542627823218896,0.28708333333333336,0.4524950898166564,0.7233333333333334,0.005833333333333334,0.004166666666666667,0.7142857142857143
f14_i11_r03_c03_w4_n3000_1,poisoned_data/random_flip_svm/f14_i11_r03_c03_w4_n3000_1_randomlabelflip_svm_0.10.csv,0.1,0.9970833333333332,0.9716666666666668,0.96875,0.9183333333333332,f14_i11_r03_c03_w4_n3000_1_randomlabelflip_svm_0.10.csv,f14_i11_r03_c03_w4_n3000_1_randomlabelflip_svm_0.10.csv,0.9802712184056898,0.053006887488135646,0.5122225964483985,0.8746863276365152,0.9596369698206278,0.04733408411610904,0.38849680633821115,,0.13121695463676836,,0.9954166666666666,,0.96875,,0.7621079013750082,0.2366858038260829,0.1539942331762123,,0.23583333333333334,,0.19333333333333336,,0.9974614583333333,0.33708333333333335,0.45604975960536726,0.06657450737911427,0.22416666666666665,0.41711924843739745,0.31958333333333333,0.4664123371552901,0.7966666666666666,0.005833333333333334,0.004166666666666667,0.7142857142857143
f14_i11_r03_c03_w4_n3000_1,poisoned_data/random_flip_svm/f14_i11_r03_c03_w4_n3000_1_randomlabelflip_svm_0.15.csv,0.15,0.9970833333333332,0.9716666666666668,0.9554166666666668,0.885,f14_i11_r03_c03_w4_n3000_1_randomlabelflip_svm_0.15.csv,f14_i11_r03_c03_w4_n3000_1_randomlabelflip_svm_0.15.csv,0.9851291505957122,0.04026173393286814,0.520719960443415,0.879448728636932,0.9685586736593919,0.03552150168887568,0.47983171184682966,,0.10442831201380594,,0.9941666666666666,,0.965,,0.7772242572786977,0.22756010696439796,0.1662351458070903,,0.27208333333333334,,0.2520833333333333,,0.9981392361111111,0.425,0.4683482084805717,0.06427499993883554,0.2916666666666667,0.4546243947267596,0.3441666666666667,0.4751947598060366,0.86375,0.005833333333333334,0.004166666666666667,0.7142857142857143
f14_i11_r03_c03_w4_n3000_1,poisoned_data/random_flip_svm/f14_i11_r03_c03_w4_n3000_1_randomlabelflip_svm_0.20.csv,0.2,0.9970833333333332,0.9716666666666668,0.94625,0.8316666666666667,f14_i11_r03_c03_w4_n3000_1_randomlabelflip_svm_0.20.csv,f14_i11_r03_c03_w4_n3000_1_randomlabelflip_svm_0.20.csv,0.9917770334127775,0.022499560555457987,0.5298977415716216,0.8846998749478949,0.9788572493514305,0.02604726759665705,0.5784689039888878,,0.16527803904036115,,0.9966666666666667,,0.9704166666666667,,0.7918442491321481,0.21879318017006014,0.18193669377507937,,0.29708333333333337,,0.28708333333333336,,0.9985434027777778,0.4995833333333333,0.4812587717040155,0.06324534173224847,0.3525,0.47784818844970894,0.37875,0.485176791884233,0.91375,0.005833333333333334,0.004166666666666667,0.7142857142857143
f14_i11_r03_c03_w4_n3000_1,poisoned_data/random_flip_svm/f14_i11_r03_c03_w4_n3000_1_randomlabelflip_svm_0.25.csv,0.25,0.9970833333333332,0.9716666666666668,0.9516666666666668,0.7766666666666666,f14_i11_r03_c03_w4_n3000_1_randomlabelflip_svm_0.25.csv,f14_i11_r03_c03_w4_n3000_1_randomlabelflip_svm_0.25.csv,0.9932488708862249,0.01851586838542063,0.5371231485441698,0.8877431568709184,0.9837818684057587,0.018470734190027992,0.6669481066474318,,0.12249170019564881,,0.9966666666666667,,0.9691666666666666,,0.8001288704712709,0.20839807826445345,0.1821075049761689,,0.34458333333333335,,0.3254166666666667,,0.9987178819444444,0.5520833333333334,0.4842805438078888,0.06169069321650498,0.38166666666666665,0.48589669209304853,0.395,0.4889525686839942,0.93125,0.005833333333333334,0.004166666666666667,0.7142857142857143
f14_i11_r03_c03_w4_n3000_1,poisoned_data/random_flip_svm/f14_i11_r03_c03_w4_n3000_1_randomlabelflip_svm_0.30.csv,0.3,0.9970833333333332,0.9716666666666668,0.9433333333333334,0.74,f14_i11_r03_c03_w4_n3000_1_randomlabelflip_svm_0.30.csv,f14_i11_r03_c03_w4_n3000_1_randomlabelflip_svm_0.30.csv,0.9943641429814245,0.015484731635654114,0.544587163379526,0.8905988606363763,0.987550403015484,0.0136029048729843,0.7351272175178166,,0.1661049284988771,,0.99625,,0.9741666666666666,,0.8021833925600254,0.20641878446468095,0.1827025709924729,,0.3779166666666667,,0.3404166666666667,,0.9988967013888889,0.595,0.48833751157424954,0.05938642506726699,0.41541666666666666,0.49289642684041873,0.42833333333333334,0.49494035806152586,0.9441666666666667,0.005833333333333334,0.004166666666666667,0.7142857142857143
f14_i11_r03_c03_w4_n3000_1,poisoned_data/random_flip_svm/f14_i11_r03_c03_w4_n3000_1_randomlabelflip_svm_0.35.csv,0.35,0.9970833333333332,0.9716666666666668,0.9408333333333332,0.7066666666666667,f14_i11_r03_c03_w4_n3000_1_randomlabelflip_svm_0.35.csv,f14_i11_r03_c03_w4_n3000_1_randomlabelflip_svm_0.35.csv,0.9961172688791448,0.01069802396003705,0.5533398463674296,0.8932683757121023,0.9945092445388927,0.0073380519575218526,0.8632783106413542,,0.21941521841363223,,0.9970833333333333,,0.9745833333333334,,0.7985109898662895,0.20931538221855847,0.18407323391084518,,0.405,,0.38708333333333333,,0.9990878472222222,0.6670833333333334,0.49764687983446,0.057355406751102095,0.4866666666666667,0.49992635278089465,0.42791666666666667,0.494879821004795,0.9645833333333333,0.005833333333333334,0.004166666666666667,0.7142857142857143
f14_i11_r03_c03_w4_n3000_1,poisoned_data/random_flip_svm/f14_i11_r03_c03_w4_n3000_1_randomlabelflip_svm_0.40.csv,0.4,0.9970833333333332,0.9716666666666668,0.9395833333333332,0.6433333333333333,f14_i11_r03_c03_w4_n3000_1_randomlabelflip_svm_0.40.csv,f14_i11_r03_c03_w4_n3000_1_randomlabelflip_svm_0.40.csv,0.99971144175281,0.000799680127948954,0.5578245718752934,0.8950201472835904,0.9974239723043876,0.0030818812427484362,0.9269585874222441,,0.21919324467576906,,0.9958333333333333,,0.9758333333333333,,0.8122252403021536,0.2167734428084339,0.18927516219086415,,0.43000000000000005,,0.4341666666666667,,0.9991213541666667,0.66625,0.49876489869315094,0.056089297442560214,0.49666666666666665,0.5000930856799222,0.4583333333333333,0.49836470109274594,0.9745833333333334,0.005833333333333334,0.004166666666666667,0.7142857142857143
f15_i12_r00_c02_w5_n2800_1,poisoned_data/random_flip_svm/f15_i12_r00_c02_w5_n2800_1_randomlabelflip_svm_0.00.csv,0.0,0.9892857142857144,0.9642857142857144,0.9892857142857144,0.9642857142857144,f15_i12_r00_c02_w5_n2800_1_randomlabelflip_svm_0.00.csv,f15_i12_r00_c02_w5_n2800_1_randomlabelflip_svm_0.00.csv,0.9999856236065744,3.985889949575938e-05,0.5305221111701912,0.8606899604415237,0.9432238494131019,0.06769562131136286,0.18981777067716485,,0.11469709215208143,,0.984375,,0.9339285714285714,,0.7909120121827826,0.2303831254586735,0.1054565859665696,,0.13973214285714286,,0.11741071428571426,,0.9918570631377551,0.14910714285714285,0.4334593529831314,0.04982034836574548,0.084375,0.27801144581075526,0.24910714285714286,0.4325925533726382,0.7660714285714286,0.006696428571428571,0.00625,0.9333333333333333
f15_i12_r00_c02_w5_n2800_1,poisoned_data/random_flip_svm/f15_i12_r00_c02_w5_n2800_1_randomlabelflip_svm_0.05.csv,0.05,0.9892857142857144,0.9642857142857144,0.9486607142857144,0.9660714285714286,f15_i12_r00_c02_w5_n2800_1_randomlabelflip_svm_0.05.csv,f15_i12_r00_c02_w5_n2800_1_randomlabelflip_svm_0.05.csv,0.9999948245093693,1.434938684263809e-05,0.5399129895336381,0.8666348975945894,0.9527953117977331,0.05910968205268442,0.25181597504246583,,0.17068166208954247,,0.990625,,0.9526785714285714,,0.8121136461519721,0.21413168363234586,0.1345586732162659,,0.17901785714285712,,0.1383928571428571,,0.9958009805484694,0.25669642857142855,0.4542349256959949,0.051099979644215796,0.16383928571428572,0.37021231800581844,0.27098214285714284,0.4445661399946099,0.8821428571428571,0.006696428571428571,0.00625,0.9333333333333333
f15_i12_r00_c02_w5_n2800_1,poisoned_data/random_flip_svm/f15_i12_r00_c02_w5_n2800_1_randomlabelflip_svm_0.10.csv,0.1,0.9892857142857144,0.9642857142857144,0.9133928571428572,0.9535714285714286,f15_i12_r00_c02_w5_n2800_1_randomlabelflip_svm_0.10.csv,f15_i12_r00_c02_w5_n2800_1_randomlabelflip_svm_0.10.csv,0.9999534201387167,0.00012913706943340486,0.55000764586125,0.8729638550373253,0.9638445011552893,0.04358005329987446,0.33248467164528156,,0.15620942070805025,,0.9924107142857143,,0.9589285714285715,,0.7986591719266389,0.22585413505529178,0.15093454187792288,,0.21607142857142858,,0.1830357142857143,,0.9974455915178572,0.35848214285714286,0.47059797193574604,0.051432429452242676,0.24598214285714284,0.4307641658044289,0.30178571428571427,0.4591352811600531,0.9357142857142857,0.006696428571428571,0.00625,0.9333333333333333
f15_i12_r00_c02_w5_n2800_1,poisoned_data/random_flip_svm/f15_i12_r00_c02_w5_n2800_1_randomlabelflip_svm_0.15.csv,0.15,0.9892857142857144,0.9642857142857144,0.8830357142857143,0.9428571428571428,f15_i12_r00_c02_w5_n2800_1_randomlabelflip_svm_0.15.csv,f15_i12_r00_c02_w5_n2800_1_randomlabelflip_svm_0.15.csv,0.9998706090206754,0.00035867291023217174,0.5594153824502384,0.8783026542461558,0.9734424828665397,0.0334610511348594,0.4467714347438362,,0.15983764020826643,,0.9875,,0.95625,,0.7999601253166152,0.22634036319152454,0.1753557153819595,,0.25312500000000004,,0.22901785714285716,,0.9979165338010204,0.4276785714285714,0.47465176065484677,0.049560437301124076,0.2883928571428571,0.45311596215660416,0.32410714285714287,0.4681447873119193,0.9522321428571429,0.006696428571428571,0.00625,0.9333333333333333
f15_i12_r00_c02_w5_n2800_1,poisoned_data/random_flip_svm/f15_i12_r00_c02_w5_n2800_1_randomlabelflip_svm_0.20.csv,0.2,0.9892857142857144,0.9642857142857144,0.8535714285714285,0.9321428571428572,f15_i12_r00_c02_w5_n2800_1_randomlabelflip_svm_0.20.csv,f15_i12_r00_c02_w5_n2800_1_randomlabelflip_svm_0.20.csv,0.9999534201387167,0.00012913706943340486,0.5709133938442461,0.8822190231608499,0.9776703853732475,0.026721193883616247,0.5030099327939126,,0.19147118650388545,,0.9915178571428571,,0.9589285714285715,,0.8274356344322543,0.19652355656401188,0.17843747367129137,,0.28035714285714286,,0.2540178571428572,,0.9984498565051021,0.48660714285714285,0.48400722234503407,0.04761249642459145,0.3455357142857143,0.47564880451416647,0.3535714285714286,0.47818485354851065,0.9754464285714286,0.006696428571428571,0.00625,0.9333333333333333
f15_i12_r00_c02_w5_n2800_1,poisoned_data/random_flip_svm/f15_i12_r00_c02_w5_n2800_1_randomlabelflip_svm_0.25.csv,0.25,0.9892857142857144,0.9642857142857144,0.8303571428571429,0.9142857142857144,f15_i12_r00_c02_w5_n2800_1_randomlabelflip_svm_0.25.csv,f15_i12_r00_c02_w5_n2800_1_randomlabelflip_svm_0.25.csv,0.9997463864009528,0.0007028778944900838,0.5815536424012213,0.8869277579276462,0.9872896883580122,0.016244067875461524,0.6637329727581506,,0.18835940162940934,,0.9959821428571428,,0.9700892857142858,,0.8342363302766641,0.18747985545433166,0.18809727521860076,,0.34062499999999996,,0.3102678571428571,,0.9987422273596939,0.5571428571428572,0.48913947648159156,0.04615116268432659,0.4035714285714286,0.4907229713856575,0.36339285714285713,0.4810839955323326,0.9857142857142858,0.006696428571428571,0.00625,0.9333333333333333
f15_i12_r00_c02_w5_n2800_1,poisoned_data/random_flip_svm/f15_i12_r00_c02_w5_n2800_1_randomlabelflip_svm_0.30.csv,0.3,0.9892857142857144,0.9642857142857144,0.8111607142857142,0.8964285714285715,f15_i12_r00_c02_w5_n2800_1_randomlabelflip_svm_0.30.csv,f15_i12_r00_c02_w5_n2800_1_randomlabelflip_svm_0.30.csv,0.9999718221790316,7.812194836132047e-05,0.5898355796053867,0.8892621865628788,0.9907778529440321,0.009885887778429137,0.7301815824385508,,0.22656657750205442,,0.9964285714285714,,0.9741071428571428,,0.8095129566574766,0.21654075499561876,0.19384231891446213,,0.3575892857142857,,0.3321428571428572,,0.9988586176658163,0.5888392857142857,0.4921664422952672,0.04550569394106305,0.42098214285714286,0.4938269399059915,0.4044642857142857,0.4908976551989154,0.9848214285714286,0.006696428571428571,0.00625,0.9333333333333333
f15_i12_r00_c02_w5_n2800_1,poisoned_data/random_flip_svm/f15_i12_r00_c02_w5_n2800_1_randomlabelflip_svm_0.35.csv,0.35,0.9892857142857144,0.9642857142857144,0.8147321428571429,0.8232142857142857,f15_i12_r00_c02_w5_n2800_1_randomlabelflip_svm_0.35.csv,f15_i12_r00_c02_w5_n2800_1_randomlabelflip_svm_0.35.csv,0.9999856236065744,3.985889949575938e-05,0.5952681566465705,0.8909936674535825,0.9936207472704319,0.00829971943753694,0.7931233890616366,,0.19541832037869034,,0.9946428571428572,,0.9678571428571429,,0.8388104946976943,0.18234021845567042,0.19028127072947154,,0.38035714285714284,,0.38482142857142854,,0.9989644451530613,0.5982142857142857,0.49647844718283674,0.04411279117628492,0.440625,0.4965729471353713,0.40625,0.4912419658871608,0.9892857142857143,0.006696428571428571,0.00625,0.9333333333333333
f15_i12_r00_c02_w5_n2800_1,poisoned_data/random_flip_svm/f15_i12_r00_c02_w5_n2800_1_randomlabelflip_svm_0.40.csv,0.4,0.9892857142857144,0.9642857142857144,0.8116071428571429,0.7303571428571428,f15_i12_r00_c02_w5_n2800_1_randomlabelflip_svm_0.40.csv,f15_i12_r00_c02_w5_n2800_1_randomlabelflip_svm_0.40.csv,0.9992126080533664,0.002180337307259639,0.601311582042898,0.8927498723920118,0.99714383173503,0.0033997967340857705,0.886904573465983,,0.22726296974486093,,0.9964285714285714,,0.9727678571428572,,0.8110300418667823,0.21831265495995228,0.18532509318995238,,0.4241071428571429,,0.4080357142857143,,0.9990459582270408,0.6486607142857143,0.4956190307669112,0.04299866813272118,0.4589285714285714,0.49842154984008086,0.4089285714285714,0.49174581599960443,0.9897321428571428,0.006696428571428571,0.00625,0.9333333333333333
f27_i15_r11_c04_w4_n1800_1,poisoned_data/random_flip_svm/f27_i15_r11_c04_w4_n1800_1_randomlabelflip_svm_0.00.csv,0.0,0.9833333333333332,0.9111111111111112,0.9833333333333332,0.9111111111111112,f27_i15_r11_c04_w4_n1800_1_randomlabelflip_svm_0.00.csv,f27_i15_r11_c04_w4_n1800_1_randomlabelflip_svm_0.00.csv,0.9688832026811351,0.08213451325469245,0.561856201287094,0.8751283684657556,0.9810012812771236,0.025490263604598565,0.464791392603849,,0.010824375102171864,,0.9819444444444444,,0.8354166666666667,,0.7801595354198206,0.2064257115399174,0.16518149897540135,,0.26111111111111107,,0.24305555555555558,,0.9949247685185185,0.24791666666666667,0.45590785353173624,0.044445435456418096,0.14652777777777778,0.35375739409505025,0.28888888888888886,0.45340363814623347,0.9263888888888889,0.01875,0.009722222222222222,0.5185185185185185
f27_i15_r11_c04_w4_n1800_1,poisoned_data/random_flip_svm/f27_i15_r11_c04_w4_n1800_1_randomlabelflip_svm_0.05.csv,0.05,0.9833333333333332,0.9111111111111112,0.95625,0.9166666666666666,f27_i15_r11_c04_w4_n1800_1_randomlabelflip_svm_0.05.csv,f27_i15_r11_c04_w4_n1800_1_randomlabelflip_svm_0.05.csv,0.9729455121727502,0.07186254581837048,0.5653590906567971,0.8774447919079608,0.9840100605908498,0.022165042084606287,0.5276580652635205,,0.010405962389509625,,0.9798611111111111,,0.8479166666666667,,0.7832257941855886,0.2069274881605752,0.17067971938841198,,0.28888888888888886,,0.24930555555555556,,0.9961241319444445,0.3138888888888889,0.4654821702488942,0.04557272160214893,0.19583333333333333,0.39697868687352433,0.32013888888888886,0.46669179504800606,0.9479166666666666,0.01875,0.009722222222222222,0.5185185185185185
f27_i15_r11_c04_w4_n1800_1,poisoned_data/random_flip_svm/f27_i15_r11_c04_w4_n1800_1_randomlabelflip_svm_0.10.csv,0.1,0.9833333333333332,0.9111111111111112,0.9444444444444444,0.8972222222222223,f27_i15_r11_c04_w4_n1800_1_randomlabelflip_svm_0.10.csv,f27_i15_r11_c04_w4_n1800_1_randomlabelflip_svm_0.10.csv,0.9827869056414019,0.04643117570248778,0.5704843749497425,0.881506254343294,0.9883214779233757,0.01604163250887836,0.6175030815347787,,0.01902670610678717,,0.9888888888888889,,0.8944444444444445,,0.7925136275041906,0.20467107322089204,0.17895186318581402,,0.3256944444444444,,0.30208333333333337,,0.9970158179012346,0.4152777777777778,0.4757672913204682,0.0461459796408211,0.2826388888888889,0.4504387269258044,0.3104166666666667,0.46282492858960717,0.9673611111111111,0.01875,0.009722222222222222,0.5185185185185185
f27_i15_r11_c04_w4_n1800_1,poisoned_data/random_flip_svm/f27_i15_r11_c04_w4_n1800_1_randomlabelflip_svm_0.15.csv,0.15,0.9833333333333332,0.9111111111111112,0.9263888888888888,0.8833333333333333,f27_i15_r11_c04_w4_n1800_1_randomlabelflip_svm_0.15.csv,f27_i15_r11_c04_w4_n1800_1_randomlabelflip_svm_0.15.csv,0.9857585046746696,0.03859621907639221,0.578094827980257,0.8843766890587599,0.9908118322330117,0.011749710902692603,0.6753258189383898,,0.021297701308039818,,0.9895833333333334,,0.8923611111111112,,0.8043597902970258,0.19519435777859964,0.17218328966994212,,0.3486111111111111,,0.33263888888888893,,0.9977541473765432,0.48819444444444443,0.48389701818642833,0.04520876982792368,0.3236111111111111,0.46801610051584613,0.33541666666666664,0.4722999409172205,0.9826388888888888,0.01875,0.009722222222222222,0.5185185185185185
f27_i15_r11_c04_w4_n1800_1,poisoned_data/random_flip_svm/f27_i15_r11_c04_w4_n1800_1_randomlabelflip_svm_0.20.csv,0.2,0.9833333333333332,0.9111111111111112,0.9180555555555556,0.8166666666666667,f27_i15_r11_c04_w4_n1800_1_randomlabelflip_svm_0.20.csv,f27_i15_r11_c04_w4_n1800_1_randomlabelflip_svm_0.20.csv,0.9879313272505941,0.03282047779238739,0.5785269649362244,0.8846121921087174,0.9908753902301736,0.011888346587793131,0.6878010144519734,,0.032334543269183766,,0.99375,,0.9138888888888889,,0.7697812163222923,0.23071291925658138,0.17914181556181763,,0.3458333333333333,,0.31666666666666665,,0.9977951388888889,0.5423611111111111,0.48635361204532457,0.046320203242323596,0.38125,0.4858625008180621,0.3375,0.47302128000884824,0.9784722222222222,0.01875,0.009722222222222222,0.5185185185185185
f27_i15_r11_c04_w4_n1800_1,poisoned_data/random_flip_svm/f27_i15_r11_c04_w4_n1800_1_randomlabelflip_svm_0.25.csv,0.25,0.9833333333333332,0.9111111111111112,0.9090277777777778,0.7833333333333333,f27_i15_r11_c04_w4_n1800_1_randomlabelflip_svm_0.25.csv,f27_i15_r11_c04_w4_n1800_1_randomlabelflip_svm_0.25.csv,0.99829475490176,0.004714938657685908,0.5837323656322064,0.8884844799629372,0.9956277094515786,0.004789433832636435,0.825492041387114,,0.02313583187516637,,0.9847222222222223,,0.9090277777777778,,0.8152702443361642,0.2000027975707955,0.1825255219375358,,0.39513888888888893,,0.3895833333333333,,0.9982243441358025,0.5722222222222222,0.49201060437133576,0.04379513142195062,0.42291666666666666,0.4941940533180816,0.36875,0.4826336064285249,0.9909722222222223,0.01875,0.009722222222222222,0.5185185185185185
f27_i15_r11_c04_w4_n1800_1,poisoned_data/random_flip_svm/f27_i15_r11_c04_w4_n1800_1_randomlabelflip_svm_0.30.csv,0.3,0.9833333333333332,0.9111111111111112,0.9020833333333332,0.7777777777777778,f27_i15_r11_c04_w4_n1800_1_randomlabelflip_svm_0.30.csv,f27_i15_r11_c04_w4_n1800_1_randomlabelflip_svm_0.30.csv,0.9971803988942641,0.0077821011673151474,0.5863764703014253,0.8893135665199599,0.996479492721427,0.004895921535659731,0.8190677955973654,,0.021466867939153422,,0.9916666666666667,,0.9104166666666667,,0.815403534769577,0.1971550836895347,0.1796459033319796,,0.40555555555555556,,0.38402777777777775,,0.9983005401234568,0.5944444444444444,0.49282738336936677,0.04350701077316619,0.41458333333333336,0.4928211182784934,0.3506944444444444,0.4773532145293586,0.9895833333333334,0.01875,0.009722222222222222,0.5185185185185185
f27_i15_r11_c04_w4_n1800_1,poisoned_data/random_flip_svm/f27_i15_r11_c04_w4_n1800_1_randomlabelflip_svm_0.35.csv,0.35,0.9833333333333332,0.9111111111111112,0.8902777777777777,0.7638888888888888,f27_i15_r11_c04_w4_n1800_1_randomlabelflip_svm_0.35.csv,f27_i15_r11_c04_w4_n1800_1_randomlabelflip_svm_0.35.csv,0.9963777063896548,0.00998462574927883,0.5914512164228333,0.8902015288394719,0.9970916226842452,0.004017503658273152,0.8889603630039546,,0.0363951961617348,,0.9930555555555556,,0.9229166666666667,,0.8153020293488956,0.19466171540362648,0.18794466954511813,,0.4076388888888889,,0.40069444444444446,,0.9984876543209876,0.6583333333333333,0.4981164249097487,0.04285378293547776,0.49166666666666664,0.5001042281913833,0.39444444444444443,0.48890082183371736,0.9895833333333334,0.01875,0.009722222222222222,0.5185185185185185
f27_i15_r11_c04_w4_n1800_1,poisoned_data/random_flip_svm/f27_i15_r11_c04_w4_n1800_1_randomlabelflip_svm_0.40.csv,0.4,0.9833333333333332,0.9111111111111112,0.9006944444444445,0.6666666666666666,f27_i15_r11_c04_w4_n1800_1_randomlabelflip_svm_0.40.csv,f27_i15_r11_c04_w4_n1800_1_randomlabelflip_svm_0.40.csv,0.999263777461294,0.0020388145584463446,0.5930942500010904,0.8912690139757548,0.9990310865722013,0.0012945763098239896,0.9537663415642801,,0.043381242806766876,,0.9951388888888889,,0.9256944444444445,,0.8215017842124812,0.1949069180685954,0.17337559199568853,,0.44861111111111107,,0.4291666666666667,,0.9986183449074074,0.6743055555555556,0.5006289141207361,0.04157110157986595,0.5027777777777778,0.5001659827964027,0.3798611111111111,0.48552069884588717,0.9944444444444445,0.01875,0.009722222222222222,0.5185185185185185
f08_i06_r02_c02_w5_n2600_1,poisoned_data/random_flip_svm/f08_i06_r02_c02_w5_n2600_1_randomlabelflip_svm_0.00.csv,0.0,0.9802884615384616,0.95,0.9802884615384616,0.95,f08_i06_r02_c02_w5_n2600_1_randomlabelflip_svm_0.00.csv,f08_i06_r02_c02_w5_n2600_1_randomlabelflip_svm_0.00.csv,0.9997839050789891,0.0005989330119305913,0.3812921765022086,0.8671060421060421,0.903955713203767,0.07951632802814142,0.259487176921721,,0.05886492534918251,,0.9399038461538461,,0.8,,0.7768585064471935,0.2594599840679096,0.1287834132369312,,0.1841346153846154,,0.14326923076923082,,0.981821375739645,0.11538461538461539,0.33881998579709893,0.10373720763775637,0.07307692307692308,0.26032531142643,0.3264423076923077,0.46902397458284445,0.2673076923076923,0.0038461538461538464,0.0028846153846153848,0.75
f08_i06_r02_c02_w5_n2600_1,poisoned_data/random_flip_svm/f08_i06_r02_c02_w5_n2600_1_randomlabelflip_svm_0.05.csv,0.05,0.9802884615384616,0.95,0.9389423076923076,0.9557692307692308,f08_i06_r02_c02_w5_n2600_1_randomlabelflip_svm_0.05.csv,f08_i06_r02_c02_w5_n2600_1_randomlabelflip_svm_0.05.csv,0.9993996830312174,0.0016628175519631805,0.3925793283388611,0.8727961852961853,0.9213058058576931,0.06496699892175987,0.32738491891615146,,0.1258504007450895,,0.9788461538461538,,0.9110576923076923,,0.784429930431467,0.2574908865357913,0.14697175617565328,,0.2153846153846154,,0.19134615384615383,,0.9945740107248521,0.2298076923076923,0.400460163541582,0.10331042338716917,0.15673076923076923,0.36363416675253063,0.3557692307692308,0.47886086633565,0.44375,0.0038461538461538464,0.0028846153846153848,0.75
f08_i06_r02_c02_w5_n2600_1,poisoned_data/random_flip_svm/f08_i06_r02_c02_w5_n2600_1_randomlabelflip_svm_0.10.csv,0.1,0.9802884615384616,0.95,0.895673076923077,0.948076923076923,f08_i06_r02_c02_w5_n2600_1_randomlabelflip_svm_0.10.csv,f08_i06_r02_c02_w5_n2600_1_randomlabelflip_svm_0.10.csv,0.9999759905188664,6.656583175868036e-05,0.40762639119320476,0.8777560402560403,0.9354095923151937,0.05630377974684838,0.4034772087872353,,0.19317745463090563,,0.9875,,0.9552884615384616,,0.7894322415451094,0.2465732872456994,0.1611932955386275,,0.24711538461538463,,0.22259615384615383,,0.9968257673816568,0.33221153846153845,0.43250809164776965,0.10222978265482348,0.2230769230769231,0.41640962212342475,0.38076923076923075,0.4856927381559621,0.5596153846153846,0.0038461538461538464,0.0028846153846153848,0.75
f08_i06_r02_c02_w5_n2600_1,poisoned_data/random_flip_svm/f08_i06_r02_c02_w5_n2600_1_randomlabelflip_svm_0.15.csv,0.15,0.9802884615384616,0.95,0.8649038461538462,0.9557692307692308,f08_i06_r02_c02_w5_n2600_1_randomlabelflip_svm_0.15.csv,f08_i06_r02_c02_w5_n2600_1_randomlabelflip_svm_0.15.csv,0.9988232219576851,0.0032565231999587274,0.4246299598526906,0.8825091575091575,0.9557438437694039,0.03510892404935919,0.4985029695816371,,0.3420971280171137,,0.9913461538461539,,0.9735576923076923,,0.7869865256863335,0.2459934038462058,0.17811384040646705,,0.27403846153846156,,0.25769230769230766,,0.9977336815828403,0.43317307692307694,0.4517360886193976,0.10073286636382595,0.30480769230769234,0.460436626477398,0.4048076923076923,0.4909728261872709,0.6548076923076923,0.0038461538461538464,0.0028846153846153848,0.75
f08_i06_r02_c02_w5_n2600_1,poisoned_data/random_flip_svm/f08_i06_r02_c02_w5_n2600_1_randomlabelflip_svm_0.20.csv,0.2,0.9802884615384616,0.95,0.83125,0.9173076923076924,f08_i06_r02_c02_w5_n2600_1_randomlabelflip_svm_0.20.csv,f08_i06_r02_c02_w5_n2600_1_randomlabelflip_svm_0.20.csv,1.0,0.0,0.4373824938673373,0.8865569615569615,0.9681461725946428,0.02812279497461704,0.6099052613150566,,0.38301732460818033,,0.9932692307692308,,0.9754807692307692,,0.7988970626368354,0.2385522506083079,0.18362008379825867,,0.3139423076923077,,0.3024038461538462,,0.9982213849852071,0.4908653846153846,0.4635640656898207,0.09519955669239388,0.3317307692307692,0.4709480829052146,0.4264423076923077,0.4946785961176342,0.7451923076923077,0.0038461538461538464,0.0028846153846153848,0.75
f08_i06_r02_c02_w5_n2600_1,poisoned_data/random_flip_svm/f08_i06_r02_c02_w5_n2600_1_randomlabelflip_svm_0.25.csv,0.25,0.9802884615384616,0.95,0.801923076923077,0.903846153846154,f08_i06_r02_c02_w5_n2600_1_randomlabelflip_svm_0.25.csv,f08_i06_r02_c02_w5_n2600_1_randomlabelflip_svm_0.25.csv,0.9993169596348739,0.0018917001655237575,0.4477113664949086,0.8893731268731269,0.9762222176962394,0.020211048782833568,0.6803614666938226,,0.3540272321108562,,0.99375,,0.9783653846153846,,0.8039156306968677,0.2400844199651238,0.18413605207478068,,0.34759615384615383,,0.3288461538461539,,0.99858381102071,0.5548076923076923,0.47818662826564073,0.09386444956397354,0.3995192307692308,0.48991734891612965,0.43509615384615385,0.495888812795484,0.8081730769230769,0.0038461538461538464,0.0028846153846153848,0.75
f08_i06_r02_c02_w5_n2600_1,poisoned_data/random_flip_svm/f08_i06_r02_c02_w5_n2600_1_randomlabelflip_svm_0.30.csv,0.3,0.9802884615384616,0.95,0.7980769230769231,0.8326923076923077,f08_i06_r02_c02_w5_n2600_1_randomlabelflip_svm_0.30.csv,f08_i06_r02_c02_w5_n2600_1_randomlabelflip_svm_0.30.csv,0.9994770665703058,0.0014486540821002647,0.46435360392893255,0.8928506678506678,0.9872746617846713,0.011013499388372336,0.8000461191496818,,0.5694232951386345,,0.9971153846153846,,0.9884615384615385,,0.8014739655702191,0.23086369661157194,0.19520786822430203,,0.3663461538461539,,0.3504807692307692,,0.9986466808431953,0.5975961538461538,0.48098664661722285,0.09185999070815686,0.4129807692307692,0.49248782857473883,0.45721153846153845,0.4982855777950201,0.8370192307692308,0.0038461538461538464,0.0028846153846153848,0.75
f08_i06_r02_c02_w5_n2600_1,poisoned_data/random_flip_svm/f08_i06_r02_c02_w5_n2600_1_randomlabelflip_svm_0.35.csv,0.35,0.9802884615384616,0.95,0.7721153846153846,0.8192307692307692,f08_i06_r02_c02_w5_n2600_1_randomlabelflip_svm_0.35.csv,f08_i06_r02_c02_w5_n2600_1_randomlabelflip_svm_0.35.csv,0.999036743976147,0.0026665583300401474,0.4706818944939253,0.8941308691308691,0.9920419016295328,0.006854958568022722,0.8661913261652479,,0.5033821982570623,,0.9956730769230769,,0.9831730769230769,,0.8031598354520374,0.22931138467118461,0.1937348240250638,,0.4048076923076923,,0.3932692307692308,,0.9988949241863906,0.6548076923076923,0.49460806872444785,0.08730435958092773,0.47451923076923075,0.49947038773151325,0.4480769230769231,0.4974162717713881,0.8745192307692308,0.0038461538461538464,0.0028846153846153848,0.75
f08_i06_r02_c02_w5_n2600_1,poisoned_data/random_flip_svm/f08_i06_r02_c02_w5_n2600_1_randomlabelflip_svm_0.40.csv,0.4,0.9802884615384616,0.95,0.7509615384615385,0.775,f08_i06_r02_c02_w5_n2600_1_randomlabelflip_svm_0.40.csv,f08_i06_r02_c02_w5_n2600_1_randomlabelflip_svm_0.40.csv,1.0,0.0,0.4776460759241199,0.8958698708698709,0.9950626599954664,0.004852862951110204,0.9274975196404727,,0.4376964898911562,,0.9971153846153846,,0.9850961538461539,,0.8096382971012179,0.22452276991888512,0.17977105682507,,0.4423076923076923,,0.42355769230769236,,0.9989878420857988,0.6730769230769231,0.5000664789957048,0.08424055813140488,0.48365384615384616,0.4998529032154608,0.46490384615384617,0.49888667815238125,0.9086538461538461,0.0038461538461538464,0.0028846153846153848,0.75
f21_i19_r00_c07_w5_n1000_1,poisoned_data/random_flip_svm/f21_i19_r00_c07_w5_n1000_1_randomlabelflip_svm_0.00.csv,0.0,0.99875,0.84,0.99875,0.84,f21_i19_r00_c07_w5_n1000_1_randomlabelflip_svm_0.00.csv,f21_i19_r00_c07_w5_n1000_1_randomlabelflip_svm_0.00.csv,0.9999594238215682,0.00011249367223098439,0.6150276059920405,0.8823216520650814,0.9896425529656923,0.012096966131172933,0.5129881390906237,,0.026637382518552213,,0.9875,,0.86875,,0.7911452773093373,0.23674112978691342,0.16896135619056107,,0.30500000000000005,,0.26875000000000004,,0.9957984375,0.43875,0.4822416395098891,0.03398997400374143,0.3075,0.46174696840210616,0.28625,0.45229044408129954,0.995,0.02625,0.025,0.9523809523809523
f21_i19_r00_c07_w5_n1000_1,poisoned_data/random_flip_svm/f21_i19_r00_c07_w5_n1000_1_randomlabelflip_svm_0.05.csv,0.05,0.99875,0.84,0.995,0.84,f21_i19_r00_c07_w5_n1000_1_randomlabelflip_svm_0.05.csv,f21_i19_r00_c07_w5_n1000_1_randomlabelflip_svm_0.05.csv,0.9999594238215682,0.00011249367223098439,0.6193668835278333,0.8838735919899875,0.991341331314204,0.010285826852652794,0.5717170236643476,,0.02670163621907971,,0.99,,0.87375,,0.8033128924568785,0.21999744615889547,0.17285984881511895,,0.31000000000000005,,0.31499999999999995,,0.9962578125,0.4925,0.48720298104105253,0.034458479818395664,0.35625,0.47918990620395974,0.33,0.4705068765715613,0.99625,0.02625,0.025,0.9523809523809523
f21_i19_r00_c07_w5_n1000_1,poisoned_data/random_flip_svm/f21_i19_r00_c07_w5_n1000_1_randomlabelflip_svm_0.10.csv,0.1,0.99875,0.84,0.9975,0.81,f21_i19_r00_c07_w5_n1000_1_randomlabelflip_svm_0.10.csv,f21_i19_r00_c07_w5_n1000_1_randomlabelflip_svm_0.10.csv,0.9999594238215682,0.00011249367223098439,0.6233382363568127,0.885206508135169,0.9928505344555506,0.007928842814424191,0.6227933438033604,,0.027082227497866117,,0.9875,,0.88125,,0.7962240276629192,0.23233840204394907,0.17116754310722115,,0.3375,,0.3275,,0.9965390625,0.52125,0.49005219345921247,0.03505452075771602,0.38,0.485690095210652,0.28125,0.44989047478150046,0.995,0.02625,0.025,0.9523809523809523
f21_i19_r00_c07_w5_n1000_1,poisoned_data/random_flip_svm/f21_i19_r00_c07_w5_n1000_1_randomlabelflip_svm_0.15.csv,0.15,0.99875,0.84,0.99,0.81,f21_i19_r00_c07_w5_n1000_1_randomlabelflip_svm_0.15.csv,f21_i19_r00_c07_w5_n1000_1_randomlabelflip_svm_0.15.csv,0.999995491573301,1.2499921875464004e-05,0.6273251691374473,0.8864017521902378,0.9947180300628944,0.007293444278281685,0.6904996255163345,,0.03858829505001244,,0.99125,,0.89,,0.820193946260769,0.2023157808153403,0.1797664064569302,,0.36124999999999996,,0.31000000000000005,,0.996828125,0.54,0.4909800505443296,0.03362226081834676,0.4,0.4902044221234002,0.31625,0.46530266570630324,0.99875,0.02625,0.025,0.9523809523809523
f21_i19_r00_c07_w5_n1000_1,poisoned_data/random_flip_svm/f21_i19_r00_c07_w5_n1000_1_randomlabelflip_svm_0.20.csv,0.2,0.99875,0.84,0.99125,0.73,f21_i19_r00_c07_w5_n1000_1_randomlabelflip_svm_0.20.csv,f21_i19_r00_c07_w5_n1000_1_randomlabelflip_svm_0.20.csv,0.999779076044731,0.0006123124793031565,0.6267882410900775,0.8859793491864831,0.9940015377359437,0.007814124011612385,0.661311936842095,,0.04200002827379926,,0.98625,,0.88375,,0.8256635142635378,0.1997739867230373,0.17310171945674724,,0.36250000000000004,,0.3425,,0.997021875,0.6075,0.4942331222980219,0.03420531956439456,0.4525,0.49805001482942407,0.305,0.4606954529572322,0.99875,0.02625,0.025,0.9523809523809523
f21_i19_r00_c07_w5_n1000_1,poisoned_data/random_flip_svm/f21_i19_r00_c07_w5_n1000_1_randomlabelflip_svm_0.25.csv,0.25,0.99875,0.84,0.995,0.715,f21_i19_r00_c07_w5_n1000_1_randomlabelflip_svm_0.25.csv,f21_i19_r00_c07_w5_n1000_1_randomlabelflip_svm_0.25.csv,0.9980108715524791,0.00549734793475487,0.6310799109717484,0.887543804755945,0.9969467667955553,0.004069763245289805,0.7820916108641425,,0.03147180282457666,,0.98875,,0.89625,,0.8201056682132958,0.19122419943656843,0.17883659129044005,,0.38749999999999996,,0.37625,,0.9972015625,0.5925,0.4962860687000274,0.033467883814880965,0.44125,0.4968470677793633,0.33375,0.4718466239634253,0.995,0.02625,0.025,0.9523809523809523
f21_i19_r00_c07_w5_n1000_1,poisoned_data/random_flip_svm/f21_i19_r00_c07_w5_n1000_1_randomlabelflip_svm_0.30.csv,0.3,0.99875,0.84,0.995,0.69,f21_i19_r00_c07_w5_n1000_1_randomlabelflip_svm_0.30.csv,f21_i19_r00_c07_w5_n1000_1_randomlabelflip_svm_0.30.csv,0.9996347869992872,0.001011987681236226,0.6310132268173985,0.8875907384230288,0.9965736115081858,0.003600795182108815,0.8034674277604145,,0.03497403972143361,,0.99,,0.89,,0.8271980811745656,0.18949224128185946,0.18020282410917765,,0.38249999999999995,,0.40125,,0.9973234375,0.62125,0.4968994383930428,0.03326280523342751,0.46375,0.49899617631799037,0.3375,0.47315282096801187,0.99625,0.02625,0.025,0.9523809523809523
f21_i19_r00_c07_w5_n1000_1,poisoned_data/random_flip_svm/f21_i19_r00_c07_w5_n1000_1_randomlabelflip_svm_0.35.csv,0.35,0.99875,0.84,0.9925,0.645,f21_i19_r00_c07_w5_n1000_1_randomlabelflip_svm_0.35.csv,f21_i19_r00_c07_w5_n1000_1_randomlabelflip_svm_0.35.csv,0.9986966735201206,0.0036059866865473245,0.6341022253557762,0.888570087609512,0.9983544390909534,0.0017619293468961149,0.8729750342953801,,0.04195705862091243,,0.98625,,0.8875,,0.8031460820706797,0.21161934374160468,0.17808533026553874,,0.43000000000000005,,0.38125,,0.9973390625,0.6175,0.49613691138329713,0.03345756495141525,0.4575,0.4985021368816733,0.32875,0.4700527890893355,0.9975,0.02625,0.025,0.9523809523809523
f21_i19_r00_c07_w5_n1000_1,poisoned_data/random_flip_svm/f21_i19_r00_c07_w5_n1000_1_randomlabelflip_svm_0.40.csv,0.4,0.99875,0.84,0.995,0.665,f21_i19_r00_c07_w5_n1000_1_randomlabelflip_svm_0.40.csv,f21_i19_r00_c07_w5_n1000_1_randomlabelflip_svm_0.40.csv,0.9994544121587243,0.0015113570362411677,0.6327205253621657,0.8887859824780976,0.9981832718225669,0.004005646086597268,0.8710051722994379,,0.032387250356536126,,0.99,,0.88125,,0.8196623375850127,0.19952228691729443,0.17767612688584655,,0.41125,,0.43374999999999997,,0.9974140625,0.6575,0.4995622061496614,0.03329617802794235,0.48625,0.500123576718782,0.31125,0.4632944416616643,1.0,0.02625,0.025,0.9523809523809523
f30_i30_r00_c15_w4_n1400_1,poisoned_data/random_flip_svm/f30_i30_r00_c15_w4_n1400_1_randomlabelflip_svm_0.00.csv,0.0,1.0,0.7821428571428571,1.0,0.7821428571428571,f30_i30_r00_c15_w4_n1400_1_randomlabelflip_svm_0.00.csv,f30_i30_r00_c15_w4_n1400_1_randomlabelflip_svm_0.00.csv,0.9773366658840461,0.06061205747663112,0.6421861518450959,0.8811773905272565,0.9968059076536672,0.004290737520691572,0.6911631007998029,,0.011014813037789619,,0.9901785714285715,,0.875,,0.7852585467155744,0.203966882109743,0.17155831619293693,,0.3482142857142857,,0.32232142857142854,,0.9975111607142857,0.4982142857142857,0.48981099233644343,0.025855679487463302,0.34375,0.47517105710687424,0.24196428571428572,0.4284640967347574,1.0,0.026785714285714284,0.025,0.9333333333333333
f30_i30_r00_c15_w4_n1400_1,poisoned_data/random_flip_svm/f30_i30_r00_c15_w4_n1400_1_randomlabelflip_svm_0.05.csv,0.05,1.0,0.7821428571428571,1.0,0.7571428571428571,f30_i30_r00_c15_w4_n1400_1_randomlabelflip_svm_0.05.csv,f30_i30_r00_c15_w4_n1400_1_randomlabelflip_svm_0.05.csv,0.981702507927947,0.049272053769427226,0.6423731863666984,0.8821189199540406,0.9969323752309907,0.0038491966023827258,0.7036644095742742,,0.015104068517550149,,0.9910714285714286,,0.8910714285714286,,0.8020858531636049,0.19110482360950007,0.1738880358178031,,0.3526785714285714,,0.35,,0.9975701530612245,0.5089285714285714,0.49022805332417513,0.025810880111054917,0.35267857142857145,0.47801717010090006,0.2669642857142857,0.442571168419903,1.0,0.026785714285714284,0.025,0.9333333333333333
f30_i30_r00_c15_w4_n1400_1,poisoned_data/random_flip_svm/f30_i30_r00_c15_w4_n1400_1_randomlabelflip_svm_0.10.csv,0.1,1.0,0.7821428571428571,1.0,0.7571428571428571,f30_i30_r00_c15_w4_n1400_1_randomlabelflip_svm_0.10.csv,f30_i30_r00_c15_w4_n1400_1_randomlabelflip_svm_0.10.csv,0.9902596498672369,0.026586958231731406,0.6421809252526132,0.8831641771990297,0.9971812060164413,0.004202957716149837,0.7303461401490947,,0.011969220174030962,,0.9883928571428572,,0.8669642857142857,,0.7933550333480933,0.20690082348956232,0.16824593118361275,,0.36964285714285716,,0.36517857142857146,,0.997821269132653,0.5455357142857142,0.4936000653678839,0.02608645989423695,0.40089285714285716,0.490298287081785,0.275,0.44671374780212947,0.9991071428571429,0.026785714285714284,0.025,0.9333333333333333
f30_i30_r00_c15_w4_n1400_1,poisoned_data/random_flip_svm/f30_i30_r00_c15_w4_n1400_1_randomlabelflip_svm_0.15.csv,0.15,1.0,0.7821428571428571,1.0,0.7392857142857143,f30_i30_r00_c15_w4_n1400_1_randomlabelflip_svm_0.15.csv,f30_i30_r00_c15_w4_n1400_1_randomlabelflip_svm_0.15.csv,0.984095284099878,0.04299055505805194,0.6442477738110605,0.8832695008298226,0.9983330643911935,0.0014969196071558915,0.8255695847408842,,0.012382097300001695,,0.9866071428571429,,0.8696428571428572,,0.7949370670086674,0.20128711837989552,0.1887667304402858,,0.38303571428571426,,0.375,,0.9979272959183674,0.5678571428571428,0.4943175250382693,0.025806315525962298,0.41160714285714284,0.49234452792320377,0.26875,0.44350767937229496,0.9991071428571429,0.026785714285714284,0.025,0.9333333333333333
f30_i30_r00_c15_w4_n1400_1,poisoned_data/random_flip_svm/f30_i30_r00_c15_w4_n1400_1_randomlabelflip_svm_0.20.csv,0.2,1.0,0.7821428571428571,1.0,0.6714285714285714,f30_i30_r00_c15_w4_n1400_1_randomlabelflip_svm_0.20.csv,f30_i30_r00_c15_w4_n1400_1_randomlabelflip_svm_0.20.csv,0.9925136422062424,0.02050819159915296,0.6428812043443799,0.8846498787182433,0.9980468055583768,0.0025501045199204896,0.8049298790830867,,0.01149378679224695,,0.9919642857142857,,0.8848214285714285,,0.8014955086075221,0.2029625123500284,0.1847826411163701,,0.3910714285714286,,0.3794642857142857,,0.9979249043367346,0.5910714285714286,0.4961473628986381,0.026182048670040477,0.42410714285714285,0.4944274878978411,0.24375,0.4295354120922824,1.0,0.026785714285714284,0.025,0.9333333333333333
f30_i30_r00_c15_w4_n1400_1,poisoned_data/random_flip_svm/f30_i30_r00_c15_w4_n1400_1_randomlabelflip_svm_0.25.csv,0.25,1.0,0.7821428571428571,1.0,0.6464285714285715,f30_i30_r00_c15_w4_n1400_1_randomlabelflip_svm_0.25.csv,f30_i30_r00_c15_w4_n1400_1_randomlabelflip_svm_0.25.csv,0.9930306188671677,0.0191077773391235,0.6451809924771583,0.8849562747350951,0.9981698104290821,0.0020165542531249843,0.8068488480879188,,0.01678166311829137,,0.9883928571428572,,0.8767857142857143,,0.824784849646631,0.1790045095030081,0.17985976556533034,,0.38749999999999996,,0.38749999999999996,,0.9979886798469387,0.5910714285714286,0.4958009977889286,0.026126500299341927,0.44285714285714284,0.4969458618225283,0.27589285714285716,0.44716274368651127,1.0,0.026785714285714284,0.025,0.9333333333333333
f30_i30_r00_c15_w4_n1400_1,poisoned_data/random_flip_svm/f30_i30_r00_c15_w4_n1400_1_randomlabelflip_svm_0.30.csv,0.3,1.0,0.7821428571428571,1.0,0.5928571428571429,f30_i30_r00_c15_w4_n1400_1_randomlabelflip_svm_0.30.csv,f30_i30_r00_c15_w4_n1400_1_randomlabelflip_svm_0.30.csv,0.999482389650068,0.0014339201784433486,0.6441630304714498,0.8862073918039065,0.9988064125055799,0.0017988620286203106,0.8633938552891953,,0.013559562519560368,,0.9928571428571429,,0.8830357142857143,,0.8371068276210663,0.18022060514318344,0.17155710103673205,,0.4330357142857143,,0.42767857142857146,,0.9981082589285715,0.6330357142857143,0.4982032575299513,0.025888841882110086,0.47232142857142856,0.4994563302370533,0.3125,0.4637194692936302,1.0,0.026785714285714284,0.025,0.9333333333333333
f30_i30_r00_c15_w4_n1400_1,poisoned_data/random_flip_svm/f30_i30_r00_c15_w4_n1400_1_randomlabelflip_svm_0.35.csv,0.35,1.0,0.7821428571428571,1.0,0.6035714285714285,f30_i30_r00_c15_w4_n1400_1_randomlabelflip_svm_0.35.csv,f30_i30_r00_c15_w4_n1400_1_randomlabelflip_svm_0.35.csv,0.999169462885971,0.0022996486824796714,0.6458717985827778,0.8868361419634878,0.9990529143305895,0.0010704711851432112,0.8938032082866544,,0.017066584611508888,,0.9901785714285715,,0.8848214285714285,,0.8512483283111477,0.16236790993662842,0.1730696654806213,,0.4303571428571429,,0.39196428571428577,,0.9981082589285715,0.6348214285714285,0.49861402201816024,0.025697767606156573,0.4857142857142857,0.5000191493843543,0.2794642857142857,0.44893646396641385,1.0,0.026785714285714284,0.025,0.9333333333333333
f30_i30_r00_c15_w4_n1400_1,poisoned_data/random_flip_svm/f30_i30_r00_c15_w4_n1400_1_randomlabelflip_svm_0.40.csv,0.4,1.0,0.7821428571428571,1.0,0.6214285714285714,f30_i30_r00_c15_w4_n1400_1_randomlabelflip_svm_0.40.csv,f30_i30_r00_c15_w4_n1400_1_randomlabelflip_svm_0.40.csv,0.9949128422095935,0.013989468317875842,0.6451469145735891,0.8860127026681986,0.9990584563432352,0.0010745637464331403,0.8843999445633344,,0.011218103908982402,,0.9910714285714286,,0.88125,,0.8131565212148264,0.19633763863355214,0.17900610537829098,,0.4258928571428572,,0.4214285714285714,,0.9981616709183674,0.6214285714285714,0.49949773589560004,0.025247187813855487,0.4758928571428571,0.4996416116318233,0.2875,0.4527988622462235,1.0,0.026785714285714284,0.025,0.9333333333333333
